TRUNCATE TABLE Telefone_pessoa;
TRUNCATE TABLE Pessoa;

TRUNCATE TABLE Telefone_centro;
TRUNCATE TABLE Centro;

INSERT INTO Pessoa VALUES ('74846020940', 'Agatha Tânia da Cunha', 'F', 
    TO_DATE('23/03/1987', 'dd/mm/yyyy'), 'Alto Santa Maria', null, 
    'Parnaíba', 'Rua Doutor Zilmar Duarte Vieira', 746, 'PI', '64212480', 'Brasil');
INSERT INTO Pessoa VALUES ('60220992851', 'Márcio Yuri André Melo', 'M', 
    TO_DATE('26/02/1958', 'dd/mm/yyyy'), 'Jardim Alto da Boa Vista', null, 'Umuarama', 
    'Rua Marcos Moreno dos Santos Cabeção', 778, 'PR', '87506460', 'Brasil');
INSERT INTO Pessoa VALUES ('29874723580', 'Nina Marina Aline Moreira', 'F', 
    TO_DATE('05/01/2003', 'dd/mm/yyyy'), 'Ivete Vargas', null, 'Rio Branco', 
    'Rua 13 de Maio', 939, 'AC', '69900205', 'Brasil');
INSERT INTO Pessoa VALUES ('65039251742', 'Kevin Luan Drumond', 'M', 
    TO_DATE('03/03/1984', 'dd/mm/yyyy'), 'Boa Esperança', null, 'Parnaíba', 
    'Rua Sete', 174, 'PI', '64215428', 'Brasil');
INSERT INTO Pessoa VALUES ('07995976437', 'Diego Benício André Ribeiro', 'M', 
    TO_DATE('06/03/1964', 'dd/mm/yyyy'), 'Chácaras Araguaia', null, 'Novo Gama', 
    'Quadra Quadra 31', 941, 'GO', '72861124', 'Brasil');
INSERT INTO Pessoa VALUES ('74075272451', 'Raimundo Isaac Mendes', 'M', 
    TO_DATE('20/01/1975', 'dd/mm/yyyy'), 'Jardim Saúde', null, 'Cacoal', 
    'Avenida das Comunicações', 922, 'RO', '76964173', 'Brasil');
INSERT INTO Pessoa VALUES ('48487552986', 'Flávia Jéssica da Costa', 'F', 
    TO_DATE('01/02/1966', 'dd/mm/yyyy'), 'Colônia Oliveira Machado', null, 'Manaus', 
    'Rua Elesbão Luz', 244, 'AM', '69070800', 'Brasil');
INSERT INTO Pessoa VALUES ('78822220030', 'Rafaela Sophie Raimunda Novaes', 'F', 
    TO_DATE('08/02/1981', 'dd/mm/yyyy'), 'Nossa Senhora das Graças', null, 'Caxias do Sul', 
    'Rua Lenice Moraes Santos', 545, 'RS', '95095143', 'Brasil');
INSERT INTO Pessoa VALUES ('12826023497', 'Bárbara Stella da Mata', 'F', 
    TO_DATE('14/02/1957', 'dd/mm/yyyy'), 'Sotelândia', null, 'Cariacica', 
    'Rua E', 526, 'ES', '29140636', 'Brasil');
INSERT INTO Pessoa VALUES ('69933068326', 'Elisa Camila Teixeira', 'F', 
    TO_DATE('08/01/1990', 'dd/mm/yyyy'), 'Pinheirinho', null, 'Francisco Beltrão', 
    'Rua Ângelo Pelisser', 566, 'PR', '85603173', 'Brasil');
INSERT INTO Pessoa VALUES ('50413745384', 'Lavínia Juliana Sophia Dias', 'F', 
    TO_DATE('03/01/2002', 'dd/mm/yyyy'), 'Harmonia', null, 'Canoas', 
    'Rua das Araucárias', 105, 'RS', '92320810', 'Brasil');
INSERT INTO Pessoa VALUES ('52236657404', 'Rosângela Francisca Isabelle', 'F', 
    TO_DATE('23/01/1975', 'dd/mm/yyyy'), 'Vila Amazonas', null, 'Santana', 
    'Rua D 6C', 925, 'AP', '68926210', 'Brasil');
INSERT INTO Pessoa VALUES ('84705091957', 'Rodrigo José Thomas Rodrigues', 'M', 
    TO_DATE('24/02/1974', 'dd/mm/yyyy'), 'Sussuarana', null, 'Salvador', 
    '1ª Travessa Donana', 213, 'BA', '41214725', 'Brasil');
INSERT INTO Pessoa VALUES ('26706295981', 'Osvaldo Lucas Kevin Brito', 'M', 
    TO_DATE('24/02/1974', 'dd/mm/yyyy'), 'Jardim Marília', null, 'Dourados', 
    'Rua Ceres', 468, 'MS', '79841604', 'Brasil');
INSERT INTO Pessoa VALUES ('85851790660', 'Bento Carlos Eduardo Roberto Barros', 'M', 
    TO_DATE('27/02/1988', 'dd/mm/yyyy'), 'Parque do Sol', null, 'São José do Rio Preto', 
    'Rua José Cândido Rosa', 105, 'SP', '15040515', 'Brasil');
INSERT INTO Pessoa VALUES ('49371521732', 'Fábio Enzo Benjamin da Rocha', 'M', 
    TO_DATE('14/02/1982', 'dd/mm/yyyy'), 'Parque dos Ipês II', null, 'Ponta Porã', 
    'Rua Hortêncio Vieira', 988, 'MS', '69900658', 'Brasil');
INSERT INTO Pessoa VALUES ('18413380871', 'Mariah Débora Assis', 'F', 
    TO_DATE('14/03/1966', 'dd/mm/yyyy'), 'Bosque', null, 'Rio Branco', 
    'Rua Coronel Alexandrino', 351, 'AC', '76964173', 'Brasil');
INSERT INTO Pessoa VALUES ('75834244025', 'Mirella Alícia Lima', 'F', 
    TO_DATE('12/03/1956', 'dd/mm/yyyy'), 'Água Verde', null, 'Blumenau', 
    'Rua Bubi Rocha Coutinho Júnior', 973, 'SC', '89042350', 'Brasil');
INSERT INTO Pessoa VALUES ('77299804794', 'Kauê Ruan Assunção', 'M', 
    TO_DATE('22/01/1955', 'dd/mm/yyyy'), 'Aerolândia', null, 'Fortaleza', 
    'Rua do Partido', 744, 'CE', '60850300', 'Brasil');
INSERT INTO Pessoa VALUES ('77897215504', 'Luís Ricardo Martins', 'M', 
    TO_DATE('27/02/1968', 'dd/mm/yyyy'), 'Bento Ferreira', null, 'Vitória', 
    'Rua João Balbi', 813, 'ES', '29050725', 'Brasil');
INSERT INTO Pessoa VALUES ('54201541029', 'Raimunda Flávia Clarice Silveira', 'F', 
    TO_DATE('04/01/2001', 'dd/mm/yyyy'), 'Plano Diretor Sul', null, 'Palmas', 
    'Quadra 207 Sul Alameda 11', 221, 'TO', '77015292', 'Brasil');
INSERT INTO Pessoa VALUES ('23369225255', 'Valentina Manuela Lopes', 'F', 
    TO_DATE('03/02/1944', 'dd/mm/yyyy'), 'Universidade', null, 'Macapá', 
    'Rua Zéca Serra', 318, 'AP', '68903499', 'Brasil');
INSERT INTO Pessoa VALUES ('29705630704', 'Alice Amanda Fogaça', 'F', 
    TO_DATE('24/02/1956', 'dd/mm/yyyy'), 'Bela Vista', null, 'Fortaleza', 
    'Rua 1', 256, 'CE', '60442115', 'Brasil');
INSERT INTO Pessoa VALUES ('48466958401', 'Manoel Benício Theo Cardoso', 'M', 
    TO_DATE('11/01/1969', 'dd/mm/yyyy'), 'Santo Antônio', null, 'Teresina', 
    'Quadra 07', 948, 'PI', '64033524', 'Brasil');
INSERT INTO Pessoa VALUES ('72376837219', 'Jéssica Jaqueline Gomes', 'F', 
    TO_DATE('15/01/1988', 'dd/mm/yyyy'), 'Velame', null, 'Campina Grande', 
    'Rua Santino Freire Andrade', 483, 'PB', '58420133', 'Brasil');
INSERT INTO Pessoa VALUES ('19125818414', 'Camila Sueli Moraes', 'F', 
    TO_DATE('30/03/1956', 'dd/mm/yyyy'), 'Copas Verdes', null, 'Ji-Paraná', 
    'Rua João Pedro Batista', 952, 'RO', '76901484', 'Brasil');
INSERT INTO Pessoa VALUES ('29021059088', 'Maya Daiane Vieira', 'F', 
    TO_DATE('31/03/1953', 'dd/mm/yyyy'), 'Realengo', null, 'Rio de Janeiro', 
    'Rua Quatro', 588, 'RJ', '21770390', 'Brasil');
INSERT INTO Pessoa VALUES ('74162082030', 'Nair Carolina Valentina Alves', 'F', 
    TO_DATE('18/02/1989', 'dd/mm/yyyy'), 'Nova Santa Cruz', null, 'Santa Cruz do Capibaribe', 
    'Rua João Chagas Sobrinho', 588, 'PE', '55194348', 'Brasil');
INSERT INTO Pessoa VALUES ('25483157036', 'Nelson Manoel Pires', 'M', 
    TO_DATE('15/03/1962', 'dd/mm/yyyy'), 'Parque Industrial', null, 'Campinas', 
    'Rua Professor Orestes Carlos Segallio', 866, 'SP', '13031540', 'Brasil');
INSERT INTO Pessoa VALUES ('89974154685', 'Carlos Benedito Peixoto', 'M', 
    TO_DATE('12/03/1981', 'dd/mm/yyyy'), 'Bom Jesus', null, 'Porto Alegre', 
    'Rua B', 995, 'RS', '91420092', 'Brasil');


CREATE SEQUENCE centro_seq
  MINVALUE 1
  START WITH 1
  INCREMENT BY 1
  NOCACHE;

INSERT INTO Centro VALUES (centro_seq.NEXTVAL, 70, 'Rendeiras', null, 'Barnaúba', 'Rua Marechal Jorge Gomes', 192, 'SP', 5995782, 'Brasil');
INSERT INTO Centro VALUES (centro_seq.NEXTVAL, 30, 'São José', null, 'Parnaíba', 'Rua Santa Catarina', 2813, 'PI', 69334233, 'Brasil');
INSERT INTO Centro VALUES (centro_seq.NEXTVAL, 50, 'Centro', null, 'Ariquemes', 'Travessa Antônio Ferreira', 213, 'PA', 68700216, 'Brasil');

INSERT INTO Telefone_centro VALUES (1, '(11) 3760-3346');
INSERT INTO Telefone_centro VALUES (1, '(11) 2665-4205');
INSERT INTO Telefone_centro VALUES (2, '(86) 2134-3872');
INSERT INTO Telefone_centro VALUES (2, '(86) 2619-1733');
INSERT INTO Telefone_centro VALUES (3, '(91) 3753-3422');
INSERT INTO Telefone_centro VALUES (3, '(91) 3457-1264');

INSERT INTO Telefone_pessoa VALUES ('07995976437', '(63) 92252-4716');
INSERT INTO Telefone_pessoa VALUES ('07995976437', '(49) 3121-2123');
INSERT INTO Telefone_pessoa VALUES ('12826023497', '(97) 92785-9663');
INSERT INTO Telefone_pessoa VALUES ('18413380871', '(86) 92543-3273');
INSERT INTO Telefone_pessoa VALUES ('18413380871', '(22) 92788-7376');
INSERT INTO Telefone_pessoa VALUES ('19125818414', '(68) 93515-4253');
INSERT INTO Telefone_pessoa VALUES ('23369225255', '(32) 92618-2466');
INSERT INTO Telefone_pessoa VALUES ('25483157036', '(48) 92828-2692');
INSERT INTO Telefone_pessoa VALUES ('29021059088', '(93) 92220-2285');
INSERT INTO Telefone_pessoa VALUES ('29021059088', '(27) 92451-3687');
INSERT INTO Telefone_pessoa VALUES ('29021059088', '(69) 92760-6098');
INSERT INTO Telefone_pessoa VALUES ('29705630704', '(64) 93985-3176');
INSERT INTO Telefone_pessoa VALUES ('29874723580', '(87) 93550-1352');
INSERT INTO Telefone_pessoa VALUES ('48466958401', '(49) 93475-8490');
INSERT INTO Telefone_pessoa VALUES ('48487552986', '(97) 93696-5923');
INSERT INTO Telefone_pessoa VALUES ('49371521732', '(84) 93870-9773');
INSERT INTO Telefone_pessoa VALUES ('50413745384', '(16) 92167-4413');
INSERT INTO Telefone_pessoa VALUES ('54201541029', '(18) 93351-5586');
INSERT INTO Telefone_pessoa VALUES ('60220992851', '(88) 92106-0527');
INSERT INTO Telefone_pessoa VALUES ('65039251742', '(98) 93456-1129');
INSERT INTO Telefone_pessoa VALUES ('69933068326', '(83) 93630-5606');
INSERT INTO Telefone_pessoa VALUES ('72376837219', '(83) 92174-1557');
INSERT INTO Telefone_pessoa VALUES ('74075272451', '(96) 93804-8071');
INSERT INTO Telefone_pessoa VALUES ('74162082030', '(89) 92887-6178');
INSERT INTO Telefone_pessoa VALUES ('74846020940', '(79) 92437-3660');
INSERT INTO Telefone_pessoa VALUES ('75834244025', '(38) 92814-5214');
INSERT INTO Telefone_pessoa VALUES ('77299804794', '(94) 92753-7231');
INSERT INTO Telefone_pessoa VALUES ('77897215504', '(43) 93453-1887');
INSERT INTO Telefone_pessoa VALUES ('78822220030', '(48) 93526-3377');
INSERT INTO Telefone_pessoa VALUES ('84705091957', '(27) 93645-2206');
INSERT INTO Telefone_pessoa VALUES ('85851790660', '(53) 93642-7673');
INSERT INTO Telefone_pessoa VALUES ('89974154685', '(38) 93046-8488');

INSERT INTO Paciente VALUES ('07995976437');
INSERT INTO Paciente VALUES ('12826023497');
INSERT INTO Paciente VALUES ('18413380871');
INSERT INTO Paciente VALUES ('19125818414');
INSERT INTO Paciente VALUES ('23369225255');
INSERT INTO Paciente VALUES ('25483157036');
INSERT INTO Paciente VALUES ('29021059088');

INSERT INTO Atendente VALUES ('29705630704', 1);
INSERT INTO Atendente VALUES ('29874723580', 2); 
INSERT INTO Atendente VALUES ('48466958401', 3); 
INSERT INTO Atendente VALUES ('48487552986', 1); 
INSERT INTO Atendente VALUES ('49371521732', 2); 
INSERT INTO Atendente VALUES ('50413745384', 3);

INSERT INTO Acompanhante VALUES ('07995976437', 'Iseu Paulino Figueiredo', 'Filho');
INSERT INTO Acompanhante VALUES ('07995976437', 'Erika Cruz Diovani', 'Tia');
INSERT INTO Acompanhante VALUES ('12826023497', 'Alfredo Aguiar Jesus', 'Tio');
INSERT INTO Acompanhante VALUES ('18413380871', 'Adilson Dores Castelete', 'Pai');
INSERT INTO Acompanhante VALUES ('19125818414', 'Aderbal Vasconcelos Prata', 'Sobinho');
INSERT INTO Acompanhante VALUES ('23369225255', 'Mirian Meyer Cretella', 'Prima');
INSERT INTO Acompanhante VALUES ('25483157036', 'Thayná da Souza Barher', 'Mãe');
INSERT INTO Acompanhante VALUES ('29021059088', 'Marcus Moraes Chiles', 'Filho');

INSERT INTO Profissional_de_saude VALUES ('60220992851', null, 1);
INSERT INTO Profissional_de_saude VALUES ('54201541029', '60220992851', 1);
INSERT INTO Profissional_de_saude VALUES ('65039251742', '60220992851', 1);
INSERT INTO Profissional_de_saude VALUES ('74162082030', null, 1);
INSERT INTO Profissional_de_saude VALUES ('74075272451', '74162082030', 1);
INSERT INTO Profissional_de_saude VALUES ('77897215504', null, 1);
INSERT INTO Profissional_de_saude VALUES ('78822220030', '77897215504', 1);
INSERT INTO Profissional_de_saude VALUES ('84705091957', null, 2);
INSERT INTO Profissional_de_saude VALUES ('85851790660', '84705091957', 2);
INSERT INTO Profissional_de_saude VALUES ('89974154685', '84705091957', 2);
INSERT INTO Profissional_de_saude VALUES ('69933068326', null, 3);
INSERT INTO Profissional_de_saude VALUES ('72376837219', '69933068326', 3);
INSERT INTO Profissional_de_saude VALUES ('75834244025', null, 3);
INSERT INTO Profissional_de_saude VALUES ('74846020940', '75834244025', 3);
INSERT INTO Profissional_de_saude VALUES ('77299804794', '75834244025', 3);

INSERT INTO Turno VALUES ('54201541029', 'M');
INSERT INTO Turno VALUES ('60220992851', 'M');
INSERT INTO Turno VALUES ('60220992851', 'T');
INSERT INTO Turno VALUES ('65039251742', 'T');
INSERT INTO Turno VALUES ('65039251742', 'N');
INSERT INTO Turno VALUES ('69933068326', 'M');
INSERT INTO Turno VALUES ('69933068326', 'N');
INSERT INTO Turno VALUES ('72376837219', 'M');
INSERT INTO Turno VALUES ('72376837219', 'T');
INSERT INTO Turno VALUES ('74075272451', 'M');
INSERT INTO Turno VALUES ('74075272451', 'T');
INSERT INTO Turno VALUES ('74162082030', 'M');
INSERT INTO Turno VALUES ('74846020940', 'N');
INSERT INTO Turno VALUES ('74846020940', 'M');
INSERT INTO Turno VALUES ('75834244025', 'T');
INSERT INTO Turno VALUES ('75834244025', 'M');
INSERT INTO Turno VALUES ('77299804794', 'T');
INSERT INTO Turno VALUES ('77897215504', 'T');
INSERT INTO Turno VALUES ('78822220030', 'N');
INSERT INTO Turno VALUES ('84705091957', 'T');
INSERT INTO Turno VALUES ('85851790660', 'M');
INSERT INTO Turno VALUES ('89974154685', 'N');

INSERT INTO Area_atuacao VALUES ('54201541029', 'Area I da enfermagem');
INSERT INTO Area_atuacao VALUES ('60220992851', 'Area I da enfermagem');
INSERT INTO Area_atuacao VALUES ('60220992851', 'Area II da enfermagem');
INSERT INTO Area_atuacao VALUES ('65039251742', 'Area I da enfermagem');
INSERT INTO Area_atuacao VALUES ('69933068326', 'Area I da enfermagem');
INSERT INTO Area_atuacao VALUES ('72376837219', 'Area I da enfermagem');
INSERT INTO Area_atuacao VALUES ('74075272451', 'Ginecologia e obstetrícia');
INSERT INTO Area_atuacao VALUES ('74162082030', 'Angiologia e cirurgia vascular:');
INSERT INTO Area_atuacao VALUES ('74846020940', 'Urologia');
INSERT INTO Area_atuacao VALUES ('75834244025', 'Cirurgia cardiovascular');
INSERT INTO Area_atuacao VALUES ('77299804794', 'Ortopedia e traumatologia');
INSERT INTO Area_atuacao VALUES ('77897215504', 'Clínica Médica');
INSERT INTO Area_atuacao VALUES ('78822220030', 'Neurologia');
INSERT INTO Area_atuacao VALUES ('78822220030', 'Clínica Médica');
INSERT INTO Area_atuacao VALUES ('84705091957', 'Clínica Médica');
INSERT INTO Area_atuacao VALUES ('85851790660', 'Clínica Médica');
INSERT INTO Area_atuacao VALUES ('89974154685', 'Clínica Médica');

INSERT INTO Enfermeira VALUES ('54201541029', '270274');
INSERT INTO Enfermeira VALUES ('60220992851', '464256');
INSERT INTO Enfermeira VALUES ('65039251742', '586481');
INSERT INTO Enfermeira VALUES ('69933068326', '326585');
INSERT INTO Enfermeira VALUES ('72376837219', '918270');

INSERT INTO Medico VALUES ('74075272451', '289325');
INSERT INTO Medico VALUES ('74162082030', '110649');
INSERT INTO Medico VALUES ('74846020940', '71377');
INSERT INTO Medico VALUES ('75834244025', '93331');
INSERT INTO Medico VALUES ('77299804794', '46291');
INSERT INTO Medico VALUES ('77897215504', '697319');
INSERT INTO Medico VALUES ('78822220030', '267976');
INSERT INTO Medico VALUES ('84705091957', '708010');
INSERT INTO Medico VALUES ('85851790660', '488382');
INSERT INTO Medico VALUES ('89974154685', '812270');

INSERT INTO Medico_geral VALUES ('77897215504');
INSERT INTO Medico_geral VALUES ('78822220030');
INSERT INTO Medico_geral VALUES ('84705091957');
INSERT INTO Medico_geral VALUES ('85851790660');
INSERT INTO Medico_geral VALUES ('89974154685');

INSERT INTO Medico_especialista VALUES ('74075272451', 'Ginecologia');
INSERT INTO Medico_especialista VALUES ('74162082030', 'Angiologia');
INSERT INTO Medico_especialista VALUES ('74846020940', 'Urologia');
INSERT INTO Medico_especialista VALUES ('75834244025', 'Cardiologia');
INSERT INTO Medico_especialista VALUES ('77299804794', 'Ortopedia');

INSERT INTO Exame VALUES ('Hemograma', 1, 50.00);
INSERT INTO Exame VALUES ('Papanicolau', 1, 100.00);
INSERT INTO Exame VALUES ('TGP e TGO', 1, 100.00);
INSERT INTO Exame VALUES ('TSH', 1, 18.00);
INSERT INTO Exame VALUES ('Ultrassonografia', 2, 100.00);

INSERT INTO Exame_descricao VALUES('Hemograma','Tipo de exame que analisa informações específicas sobre os tipos e quantidades dos componentes no sangue.' );
INSERT INTO Exame_descricao VALUES('Papanicolau', 'Ajuda a prevenir o câncer no colo de útero e também doenças como o HPV, infecções vaginais e doenças sexualmente transmissíveis');
INSERT INTO Exame_descricao VALUES('TGP e TGO', 'Exames laboratoriais que se referem à saúde do fígado');
INSERT INTO Exame_descricao VALUES('TSH', 'Exames laboratoriais para analisar o funcionamento da tireoide.');
INSERT INTO Exame_descricao VALUES('Ultrassonografia', 'A ultrassonografia serve para avaliar as estruturas corporais em tempo real. ');

INSERT INTO Laudo VALUES('60220992851','18413380871', 'Hemograma', 'lorem ipsum');

INSERT INTO Execucao VALUES('60220992851', TO_TIMESTAMP('26/04/2022 10:13:18', 'DD/MM/YYYY HH:MI:SS'), 'Hemograma');

INSERT INTO Agendamento VALUES('84705091957', '29021059088', '48487552986',
TO_TIMESTAMP('14/03/2022 10:13:18', 'DD/MM/YYYY HH:MI:SS'), 
TO_TIMESTAMP('21/05/2022 10:13:18', 'DD/MM/YYYY HH:MI:SS'), 'Finalidade');
INSERT INTO Agendamento VALUES('85851790660', '19125818414', '50413745384',
TO_TIMESTAMP('31/03/2022 10:13:18', 'DD/MM/YYYY HH:MI:SS'), 
TO_TIMESTAMP('22/04/2022 10:13:18', 'DD/MM/YYYY HH:MI:SS'), 'Finalidade');

INSERT INTO Agendamento_criado VALUES('48487552986',
TO_TIMESTAMP('14/05/2022 10:13:18', 'DD/MM/YYYY HH:MI:SS'), 
TO_TIMESTAMP('14/06/2022 10:13:18', 'DD/MM/YYYY HH:MI:SS'));
INSERT INTO Agendamento_criado VALUES('50413745384',
TO_TIMESTAMP('31/03/2022 10:13:18', 'DD/MM/YYYY HH:MI:SS'), 
TO_TIMESTAMP('22/04/2022 10:13:18', 'DD/MM/YYYY HH:MI:SS'));
